TICKER,NAME,CLASSIFICATION,CAPE,FWD_RETURN_FORECAST,LOWER_CONFIDENCE,UPPER_CONFIDENCE,F_PVALUE
AA,Alcoa Corp,U.S. Mid-cap Value Common Stock,19.79,-0.0239,-0.2796,0.2318,0.038
AAON,AAON Inc,U.S. Small-cap Growth Common Stock,64.11,0.0986,-0.0589,0.2562,0.0
ABC,AmerisourceBergen Corp,U.S. Large-cap Value Common Stock,27.33,0.1238,0.0184,0.2298,0.0
ABCB,Ameris Bancorp,U.S. Small-cap Blend Common Stock,14.2,0.1102,-0.1775,0.3979,0.0074
ABM,ABM Industries Inc,U.S. Small-cap Value Common Stock,16.99,0.0743,-0.0112,0.1592,0.0
ABT,Abbott Laboratories,U.S. Large-cap Growth Common Stock,40.46,0.1951,0.0581,0.3322,0.0288
ACIW,ACI Worldwide Inc,U.S. Small-cap Blend Common Stock,26.85,0.1635,-0.0217,0.3481,0.0
ACNB,ACNB Corp,U.S. Small-cap Blend Common Stock,13.89,0.0575,-0.1034,0.2186,0.0256
ADBE,Adobe Inc,U.S. Large-cap Growth Common Stock,59.43,0.1614,-0.1082,0.4305,0.0
ADI,Analog Devices Inc,U.S. Large-cap Growth Common Stock,31.21,0.079,-0.0976,0.2552,0.0
ADM,Archer-Daniels-Midland Co,U.S. Large-cap Value Common Stock,22.98,-0.0149,-0.164,0.1338,0.0
ADP,Automatic Data Processing Inc,U.S. Large-cap Growth Common Stock,45.19,0.0504,-0.1128,0.2139,0.0052
ADSK,Autodesk Inc,U.S. Large-cap Growth Common Stock,376.03,-0.0882,-0.3817,0.2054,0.0
ADTN,ADTRAN Holdings Inc,U.S. Small-cap Blend Common Stock,97.41,-0.1252,-0.3053,0.0552,0.0031
AEIS,Advanced Energy Industries Inc,U.S. Small-cap Blend Common Stock,23.23,0.2293,-0.0471,0.5066,0.0
AEP,American Electric Power Co Inc,U.S. Large-cap Blend Common Stock,20.76,0.1324,0.0094,0.2553,0.0001
AES,AES Corp/The,U.S. Mid-cap Blend Common Stock,19.51,-0.057,-0.2226,0.1094,0.0
AFG,American Financial Group Inc/OH,U.S. Mid-cap Blend Common Stock,16.33,0.0237,-0.0892,0.1369,0.0
AFL,Aflac Inc,U.S. Large-cap Blend Common Stock,15.45,0.1025,-0.0184,0.2239,0.0
AGCO,AGCO Corp,U.S. Mid-cap Value Common Stock,22.45,0.0426,-0.1055,0.1908,0.0
AGM,Federal Agricultural Mortgage Corp,U.S. Small-cap Blend Common Stock,13.39,-0.0009,-0.2186,0.2131,0.0
AIN,Albany International Corp,U.S. Small-cap Blend Common Stock,34.41,0.0395,-0.1858,0.265,0.0078
AIR,AAR Corp,U.S. Small-cap Value Common Stock,22.02,-0.0059,-0.1312,0.1181,0.0
AIT,Applied Industrial Technologies Inc,U.S. Small-cap Blend Common Stock,28.79,0.0068,-0.1181,0.1314,0.0
AKR,Acadia Realty Trust,Real Estate REIT,26.38,0.1159,-0.0087,0.2413,0.0
ALB,Albemarle Corp,U.S. Large-cap Growth Common Stock,35.63,0.0791,-0.0545,0.2125,0.0
ALCO,Alico Inc,U.S. Small-cap Blend Common Stock,34.59,-0.0209,-0.192,0.1509,0.0
ALE,ALLETE Inc,U.S. Small-cap Blend Common Stock,17.55,0.0587,-0.0626,0.1798,0.0
ALL,Allstate Corp/The,U.S. Large-cap Value Common Stock,15.49,0.0297,-0.1635,0.2229,0.0
ALX,Alexander's Inc,Real Estate REIT,13.53,0.1042,-0.1024,0.3109,0.0146
AMAT,Applied Materials Inc,U.S. Large-cap Growth Common Stock,25.81,0.0955,-0.1632,0.3547,0.0
AME,AMETEK Inc,U.S. Large-cap Growth Common Stock,38.86,0.1117,0.0036,0.2201,0.0
AMGN,Amgen Inc,U.S. Large-cap Growth Common Stock,19.81,0.152,-0.0114,0.3163,0.0
AMNB,American National Bankshares Inc,U.S. Small-cap Growth Common Stock,12.75,0.0394,-0.0762,0.1554,0.0
AMWD,American Woodmark Corp,U.S. Small-cap Value Common Stock,13.39,0.1479,-0.1685,0.4637,0.0018
AN,AutoNation Inc,U.S. Small-cap Value Common Stock,13.33,0.1694,-0.0211,0.3613,0.0
ANDE,Andersons Inc/The,U.S. Small-cap Value Common Stock,16.03,0.0893,-0.1814,0.3587,0.0
ANF,Abercrombie & Fitch Co,U.S. Small-cap Value Common Stock,13.18,-0.036,-0.2681,0.1966,0.0001
ANSS,ANSYS Inc,U.S. Mid-cap Growth Common Stock,52.92,0.208,0.0938,0.3208,0.0
AOS,A O Smith Corp,U.S. Mid-cap Blend Common Stock,19.94,0.1637,-0.0723,0.3997,0.0484
APA,APA Corp,U.S. Mid-cap Blend Common Stock,12.85,-0.062,-0.285,0.1603,0.0
APH,Amphenol Corp,U.S. Large-cap Growth Common Stock,29.33,0.229,0.1384,0.3203,0.0
APOG,Apogee Enterprises Inc,U.S. Small-cap Value Common Stock,15.1,0.1043,-0.1003,0.31,0.0
ARCB,ArcBest Corp,U.S. Small-cap Value Common Stock,18.26,0.0588,-0.2209,0.3393,0.0038
AROW,Arrow Financial Corp,U.S. Small-cap Growth Common Stock,14.21,0.0368,-0.0459,0.1192,0.0
ARTNA,Artesian Resources Corp,U.S. Small-cap Growth Common Stock,33.77,0.0482,-0.0464,0.1428,0.0
ARW,Arrow Electronics Inc,U.S. Mid-cap Value Common Stock,10.47,0.1606,0.0589,0.2626,0.0
ASB,Associated Banc-Corp,U.S. Small-cap Blend Common Stock,13.0,-0.003,-0.1921,0.1856,0.0
ASGN,ASGN Inc,U.S. Small-cap Blend Common Stock,25.38,0.1466,-0.2401,0.5323,0.005
ASH,Ashland Inc,U.S. Mid-cap Blend Common Stock,25.4,0.0031,-0.2142,0.22,0.0008
ASTE,Astec Industries Inc,U.S. Small-cap Value Common Stock,27.81,0.0209,-0.1038,0.1461,0.0
ATGE,Adtalem Global Education Inc,U.S. Small-cap Blend Common Stock,13.04,0.0606,-0.1601,0.2816,0.0025
ATNI,ATN International Inc,U.S. Small-cap Blend Common Stock,41.77,-0.0647,-0.1909,0.0617,0.0
ATO,Atmos Energy Corp,U.S. Mid-cap Growth Common Stock,23.25,0.1424,0.0138,0.2707,0.0085
ATR,AptarGroup Inc,U.S. Mid-cap Blend Common Stock,27.41,0.0918,0.0298,0.1537,0.0
ATRO,Astronics Corp,U.S. Small-cap Value Common Stock,10.39,0.2586,-0.1175,0.6357,0.0
AUB,Atlantic Union Bankshares Corp,U.S. Small-cap Growth Common Stock,13.73,0.0296,-0.1366,0.1957,0.0
AVB,AvalonBay Communities Inc,Real Estate REIT,30.91,0.1212,0.0171,0.2252,0.0
AVD,American Vanguard Corp,U.S. Small-cap Blend Common Stock,29.57,0.1111,-0.284,0.5096,0.0
AVNT,Avient Corp,U.S. Small-cap Value Common Stock,15.53,0.1741,-0.1632,0.5126,0.0
AVT,Avnet Inc,U.S. Small-cap Value Common Stock,9.97,0.06,-0.0664,0.1865,0.0
AVY,Avery Dennison Corp,U.S. Mid-cap Blend Common Stock,29.85,0.0333,-0.1969,0.2634,0.0002
AWR,American States Water Co,U.S. Small-cap Growth Common Stock,42.2,0.1696,0.053,0.2862,0.0
AXP,American Express Co,U.S. Large-cap Blend Common Stock,19.68,0.0546,-0.072,0.1811,0.0
AZO,AutoZone Inc,U.S. Large-cap Blend Common Stock,35.65,0.1405,0.0523,0.2281,0.0
AZZ,AZZ Inc,U.S. Small-cap Value Common Stock,13.66,0.2472,0.0517,0.443,0.0
B,Barnes Group Inc,U.S. Small-cap Blend Common Stock,14.56,0.1117,-0.0368,0.2587,0.0
BA,Boeing Co/The,U.S. Large-cap Blend Common Stock,34.33,-0.073,-0.2629,0.1158,0.0
BALL,Ball Corp,U.S. Mid-cap Blend Common Stock,22.56,0.1838,0.0658,0.3019,0.0
BANF,BancFirst Corp,U.S. Small-cap Growth Common Stock,24.4,0.0382,-0.098,0.1739,0.0
BAX,Baxter International Inc,U.S. Mid-cap Blend Common Stock,15.66,0.0032,-0.0918,0.0975,0.0
BBBY,Bed Bath & Beyond Inc,U.S. Small-cap Value Common Stock,1.0,-0.3517,-0.6504,-0.053,0.0
BBSI,Barrett Business Services Inc,U.S. Small-cap Value Common Stock,23.33,0.1917,0.0009,0.3805,0.0
BBWI,Bath & Body Works Inc,U.S. Mid-cap Blend Common Stock,10.93,0.0417,-0.25,0.3344,0.0
BBY,Best Buy Co Inc,U.S. Mid-cap Value Common Stock,14.08,0.1476,-0.186,0.4809,0.0
BC,Brunswick Corp/DE,U.S. Small-cap Value Common Stock,14.16,0.0971,-0.2593,0.4527,0.0032
BCO,Brink's Co/The,U.S. Small-cap Value Common Stock,19.01,0.021,-0.1551,0.1982,0.0
BCPC,Balchem Corp,U.S. Small-cap Growth Common Stock,46.44,0.1855,0.0921,0.2794,0.0
BDX,Becton Dickinson and Co,U.S. Large-cap Growth Common Stock,23.95,0.0785,-0.0032,0.1599,0.0
BEN,Franklin Resources Inc,U.S. Mid-cap Blend Common Stock,7.11,0.1553,-0.0554,0.366,0.001
BF/A,Brown-Forman Corp,U.S. Large-cap Growth Common Stock,36.46,0.1088,0.0,0.2174,0.0
BF/B,Brown-Forman Corp,U.S. Large-cap Growth Common Stock,36.42,0.1211,0.0093,0.2332,0.0027
BFS,Saul Centers Inc,Real Estate REIT,24.95,0.0243,-0.0671,0.1152,0.0
BH,Biglari Holdings Inc,U.S. Small-cap Value Common Stock,12.17,0.1682,-0.005,0.3391,0.0
BHB,Bar Harbor Bankshares,U.S. Small-cap Blend Common Stock,13.33,0.0547,-0.0441,0.1536,0.0
BHE,Benchmark Electronics Inc,U.S. Small-cap Value Common Stock,19.2,0.0481,-0.1048,0.2004,0.0
BIG,Big Lots Inc,U.S. Small-cap Value Common Stock,5.7,0.1972,0.0047,0.3898,0.0
BIIB,Biogen Inc,U.S. Large-cap Growth Common Stock,12.77,0.2666,-0.0207,0.5541,0.0
BIO,Bio-Rad Laboratories Inc,U.S. Mid-cap Growth Common Stock,57.7,0.0195,-0.1469,0.1863,0.0
BK,Bank of New York Mellon Corp/The,U.S. Large-cap Blend Common Stock,11.01,0.0791,-0.0475,0.2064,0.0
BKE,Buckle Inc/The,U.S. Small-cap Blend Common Stock,13.7,-0.1214,-0.2921,0.0499,0.0
BKH,Black Hills Corp,U.S. Small-cap Blend Common Stock,18.11,0.0607,-0.0691,0.1905,0.0001
BMI,Badger Meter Inc,U.S. Small-cap Growth Common Stock,66.83,-0.0298,-0.208,0.1483,0.0
BMY,Bristol-Myers Squibb Co,U.S. Large-cap Growth Common Stock,21.44,-0.0054,-0.2117,0.2009,0.0
BOH,Bank of Hawaii Corp,U.S. Small-cap Growth Common Stock,14.59,0.0278,-0.0602,0.1158,0.0
BOKF,BOK Financial Corp,U.S. Mid-cap Growth Common Stock,15.44,0.0673,-0.0243,0.1597,0.0
BOOM,DMC Global Inc,U.S. Small-cap Value Common Stock,22.63,0.1579,-0.4377,0.758,0.0
BRC,Brady Corp,U.S. Small-cap Blend Common Stock,17.49,0.043,-0.0781,0.1644,0.0
BRK/B,Berkshire Hathaway Inc,U.S. Large-cap Blend Common Stock,31.02,0.101,0.0207,0.1812,0.0
BRO,Brown & Brown Inc,U.S. Mid-cap Growth Common Stock,38.79,0.1169,-0.1181,0.3525,0.0
BSX,Boston Scientific Corp,U.S. Large-cap Growth Common Stock,48.62,0.004,-0.3188,0.3262,0.0
BWA,BorgWarner Inc,U.S. Mid-cap Value Common Stock,9.86,0.2517,0.0875,0.4161,0.0
BYD,Boyd Gaming Corp,U.S. Mid-cap Blend Common Stock,41.81,-0.0011,-0.4599,0.4572,0.0
CAC,Camden National Corp,U.S. Small-cap Blend Common Stock,11.46,0.0359,-0.0588,0.1301,0.0
CACC,Credit Acceptance Corp,U.S. Mid-cap Growth Common Stock,16.21,0.2871,0.0711,0.5033,0.0
CACI,CACI International Inc,U.S. Mid-cap Blend Common Stock,26.7,0.1662,-0.0584,0.3902,0.0
CADE,Cadence Bank,U.S. Small-cap Blend Common Stock,11.46,0.0494,-0.0818,0.1809,0.0
CAG,Conagra Brands Inc,U.S. Mid-cap Blend Common Stock,15.18,0.0281,-0.0905,0.1462,0.0
CAH,Cardinal Health Inc,U.S. Mid-cap Value Common Stock,15.44,0.0012,-0.1192,0.1217,0.0
CAKE,Cheesecake Factory Inc/The,U.S. Small-cap Value Common Stock,14.94,0.1529,-0.0841,0.3888,0.0
CAL,Caleres Inc,U.S. Small-cap Value Common Stock,9.42,0.1802,0.0027,0.3573,0.0
CASH,Pathward Financial Inc,U.S. Small-cap Blend Common Stock,16.4,0.134,-0.1184,0.3868,0.0
CASS,Cass Information Systems Inc,U.S. Small-cap Blend Common Stock,21.57,0.0891,-0.0153,0.1936,0.0
CASY,Casey's General Stores Inc,U.S. Mid-cap Value Common Stock,31.57,0.1302,0.0027,0.2578,0.0072
CAT,Caterpillar Inc,U.S. Large-cap Blend Common Stock,25.9,-0.065,-0.1793,0.0492,0.0
CATO,Cato Corp/The,U.S. Small-cap Value Common Stock,6.48,0.1798,0.0257,0.3317,0.0
CATY,Cathay General Bancorp,U.S. Small-cap Growth Common Stock,12.86,0.0971,-0.1538,0.3475,0.0
CB,Chubb Ltd,U.S. Large-cap Blend Common Stock,22.95,0.0166,-0.0447,0.0775,0.0
CBRL,Cracker Barrel Old Country Store Inc,U.S. Small-cap Value Common Stock,12.56,0.1411,-0.0385,0.3217,0.0
CBT,Cabot Corp,U.S. Small-cap Value Common Stock,13.62,0.0426,-0.0894,0.1736,0.0
CBU,Community Bank System Inc,U.S. Small-cap Growth Common Stock,17.19,0.099,-0.0197,0.2178,0.0043
CCBG,Capital City Bank Group Inc,U.S. Small-cap Blend Common Stock,14.77,0.0442,-0.213,0.3014,0.0001
CCF,Chase Corp,U.S. Small-cap Blend Common Stock,17.48,0.1604,-0.1116,0.4322,0.0
CCK,Crown Holdings Inc,U.S. Mid-cap Value Common Stock,15.25,0.0913,-0.2079,0.3889,0.0
CCL,Carnival Corp,U.S. Mid-cap Blend Common Stock,21.19,-0.0419,-0.2333,0.1496,0.0
CENT,Central Garden & Pet Co,U.S. Small-cap Value Common Stock,21.55,0.0807,-0.2009,0.3622,0.0
CFR,Cullen/Frost Bankers Inc,U.S. Mid-cap Growth Common Stock,20.73,0.049,-0.0361,0.1343,0.0
CGNX,Cognex Corp,U.S. Mid-cap Growth Common Stock,44.93,0.1191,-0.2177,0.456,0.0165
CHCO,City Holding Co,U.S. Small-cap Growth Common Stock,17.89,-0.0235,-0.1469,0.0985,0.0
CHD,Church & Dwight Co Inc,U.S. Mid-cap Growth Common Stock,32.32,0.166,0.1069,0.2251,0.0
CHDN,Churchill Downs Inc,U.S. Mid-cap Growth Common Stock,54.34,0.2952,0.091,0.4989,0.0
CHE,Chemed Corp,U.S. Mid-cap Growth Common Stock,40.71,0.154,-0.0374,0.3454,0.0134
CI,Cigna Corp,U.S. Large-cap Value Common Stock,22.78,0.0335,-0.1432,0.2082,0.0
CINF,Cincinnati Financial Corp,U.S. Mid-cap Blend Common Stock,23.04,-0.0222,-0.1597,0.115,0.0
CL,Colgate-Palmolive Co,U.S. Large-cap Growth Common Stock,22.34,0.0834,0.0285,0.1392,0.0
CLF,Cleveland-Cliffs Inc,U.S. Mid-cap Value Common Stock,8.4,0.1229,-0.541,0.787,0.0
CLX,Clorox Co/The,U.S. Mid-cap Blend Common Stock,21.84,0.0707,-0.0121,0.1539,0.0
CMA,Comerica Inc,U.S. Mid-cap Blend Common Stock,11.58,0.0307,-0.1621,0.2238,0.0031
CMC,Commercial Metals Co,U.S. Small-cap Value Common Stock,19.4,-0.0143,-0.3109,0.2826,0.0
CMCO,Columbus McKinnon Corp/NY,U.S. Small-cap Value Common Stock,15.15,0.1046,-0.099,0.3082,0.0
CMI,Cummins Inc,U.S. Large-cap Blend Common Stock,18.26,0.1392,-0.1168,0.3946,0.0
CMS,CMS Energy Corp,U.S. Mid-cap Blend Common Stock,24.7,0.1032,-0.0742,0.281,0.0372
CNMD,CONMED Corp,U.S. Small-cap Blend Common Stock,45.86,0.0444,-0.141,0.23,0.0022
CNOB,ConnectOne Bancorp Inc,U.S. Small-cap Blend Common Stock,11.36,0.1112,-0.0549,0.2776,0.0
COF,Capital One Financial Corp,U.S. Large-cap Blend Common Stock,7.38,0.1104,-0.0851,0.3054,0.0
COHR,Coherent Corp,U.S. Small-cap Blend Common Stock,20.38,0.2429,0.0353,0.451,0.0
COLB,Columbia Banking System Inc,U.S. Small-cap Growth Common Stock,11.66,0.12,-0.0834,0.3229,0.0
COO,Cooper Cos Inc/The,U.S. Mid-cap Growth Common Stock,22.38,0.1892,-0.074,0.4537,0.0121
CPB,Campbell Soup Co,U.S. Mid-cap Blend Common Stock,16.71,-0.0285,-0.1236,0.066,0.0
CPK,Chesapeake Utilities Corp,U.S. Small-cap Blend Common Stock,29.99,0.1755,0.0766,0.2742,0.0
CPRT,Copart Inc,U.S. Mid-cap Growth Common Stock,52.73,0.1536,-0.0347,0.341,0.0
CPT,Camden Property Trust,Real Estate REIT,42.94,0.0969,-0.0469,0.2406,0.0039
CR,Crane Holdings Co,U.S. Small-cap Blend Common Stock,17.34,0.0489,-0.0912,0.1884,0.0
CRD/A,Crawford & Co,U.S. Small-cap Value Common Stock,8.09,-0.0156,-0.2431,0.2114,0.0
CRS,Carpenter Technology Corp,U.S. Small-cap Blend Common Stock,22.79,-0.0804,-0.3118,0.149,0.0
CRVL,CorVel Corp,U.S. Small-cap Growth Common Stock,58.8,-0.001,-0.1563,0.1542,0.0
CSCO,Cisco Systems Inc,U.S. Large-cap Growth Common Stock,15.78,0.1228,-0.0259,0.2704,0.0
CSGS,CSG Systems International Inc,U.S. Small-cap Blend Common Stock,18.61,0.0327,-0.1292,0.1947,0.0
CSL,Carlisle Cos Inc,U.S. Mid-cap Blend Common Stock,23.26,0.0803,-0.0631,0.2237,0.0
CTAS,Cintas Corp,U.S. Large-cap Growth Common Stock,39.61,0.0809,-0.1997,0.362,0.0
CTBI,Community Trust Bancorp Inc,U.S. Small-cap Blend Common Stock,12.11,0.0264,-0.052,0.1042,0.0
CTO,CTO Realty Growth Inc,Real Estate REIT,15.97,0.0647,-0.1428,0.2715,0.0
CTRA,Coterra Energy Inc,U.S. Mid-cap Blend Common Stock,3.52,0.0481,-0.2638,0.3599,0.0151
CTS,CTS Corp,U.S. Small-cap Blend Common Stock,37.99,-0.0251,-0.2921,0.241,0.0003
CVBF,CVB Financial Corp,U.S. Small-cap Growth Common Stock,18.15,0.0432,-0.1177,0.2041,0.0
CVS,CVS Health Corp,U.S. Large-cap Value Common Stock,14.41,0.2015,0.0947,0.3091,0.0
CVX,Chevron Corp,U.S. Large-cap Blend Common Stock,22.22,-0.0057,-0.1245,0.1134,0.0042
CW,Curtiss-Wright Corp,U.S. Mid-cap Blend Common Stock,27.48,0.0515,-0.0671,0.1712,0.0
CWT,California Water Service Group,U.S. Small-cap Growth Common Stock,38.21,0.1342,0.0207,0.248,0.0012
D,Dominion Energy Inc,U.S. Large-cap Blend Common Stock,13.79,0.0722,-0.0017,0.1458,0.0
DCI,Donaldson Co Inc,U.S. Mid-cap Blend Common Stock,25.3,0.1192,0.0493,0.1897,0.0
DDS,Dillard's Inc,U.S. Mid-cap Value Common Stock,24.91,0.0511,-0.3918,0.4954,0.0006
DE,Deere & Co,U.S. Large-cap Blend Common Stock,34.78,-0.0307,-0.1877,0.1263,0.0
DECK,Deckers Outdoor Corp,U.S. Mid-cap Blend Common Stock,43.5,0.1755,-0.1704,0.5239,0.0
DGICA,Donegal Group Inc,U.S. Small-cap Value Common Stock,18.65,-0.0731,-0.1593,0.012,0.0
DGII,Digi International Inc,U.S. Small-cap Growth Common Stock,118.48,-0.1089,-0.3444,0.1264,0.0
DHI,DR Horton Inc,U.S. Mid-cap Value Common Stock,14.92,0.1476,-0.2035,0.4989,0.0327
DHR,Danaher Corp,U.S. Large-cap Growth Common Stock,50.75,0.0957,-0.0264,0.2175,0.0
DIN,Dine Brands Global Inc,U.S. Small-cap Blend Common Stock,10.96,0.1703,0.0118,0.326,0.0
DINO,HF Sinclair Corp,U.S. Mid-cap Value Common Stock,11.98,0.1662,-0.1811,0.5135,0.0
DIOD,Diodes Inc,U.S. Small-cap Blend Common Stock,31.53,0.1363,-0.1492,0.4237,0.0
DIS,Walt Disney Co/The,U.S. Large-cap Blend Common Stock,17.19,0.2384,0.1061,0.3708,0.0
DLTR,Dollar Tree Inc,U.S. Large-cap Blend Common Stock,27.13,0.2202,0.067,0.3748,0.0
DLX,Deluxe Corp,U.S. Small-cap Value Common Stock,3.2,0.2529,0.0582,0.446,0.0
DORM,Dorman Products Inc,U.S. Small-cap Blend Common Stock,21.47,0.2065,-0.0722,0.4833,0.0
DOV,Dover Corp,U.S. Mid-cap Blend Common Stock,24.85,-0.0448,-0.1875,0.0979,0.0
DRI,Darden Restaurants Inc,U.S. Mid-cap Blend Common Stock,29.03,0.0717,-0.0371,0.1807,0.0
DTE,DTE Energy Co,U.S. Mid-cap Blend Common Stock,18.5,0.1329,0.023,0.2425,0.0026
DVN,Devon Energy Corp,U.S. Large-cap Blend Common Stock,22.68,0.0857,-0.1869,0.3586,0.0
DY,Dycom Industries Inc,U.S. Small-cap Value Common Stock,32.23,0.0946,-0.2515,0.4411,0.0
EA,Electronic Arts Inc,U.S. Large-cap Growth Common Stock,28.99,0.207,-0.1886,0.6031,0.0001
EAT,Brinker International Inc,U.S. Small-cap Value Common Stock,9.29,0.2491,0.0837,0.4132,0.0
EBF,Ennis Inc,U.S. Small-cap Blend Common Stock,15.87,-0.0555,-0.1621,0.0509,0.0
ECL,Ecolab Inc,U.S. Large-cap Blend Common Stock,28.14,0.1691,0.0946,0.244,0.0
EFX,Equifax Inc,U.S. Mid-cap Growth Common Stock,35.57,0.0905,-0.0831,0.2645,0.0017
EIX,Edison International,U.S. Mid-cap Blend Common Stock,11.62,-0.0041,-0.1597,0.1514,0.0
EL,Estee Lauder Cos Inc/The,U.S. Large-cap Growth Common Stock,46.84,0.1344,-0.0607,0.3296,0.002
ELS,Equity LifeStyle Properties Inc,Real Estate REIT,52.61,0.1801,0.0585,0.3024,0.0003
EMN,Eastman Chemical Co,U.S. Mid-cap Blend Common Stock,9.38,0.1147,-0.0694,0.2991,0.0154
EMR,Emerson Electric Co,U.S. Large-cap Blend Common Stock,21.79,-0.0383,-0.1166,0.0397,0.0
EOG,EOG Resources Inc,U.S. Large-cap Blend Common Stock,28.3,0.1105,-0.108,0.3279,0.0
EPAC,Enerpac Tool Group Corp,U.S. Small-cap Blend Common Stock,20.46,-0.056,-0.2018,0.0879,0.0
EQC,Equity Commonwealth,Real Estate REIT,53.95,0.0194,-0.1497,0.1884,0.0104
EQR,Equity Residential,Real Estate REIT,57.11,0.0994,-0.0126,0.2114,0.0
EQT,EQT Corp,U.S. Mid-cap Blend Common Stock,46.04,-0.242,-0.4254,-0.0589,0.0
ES,Eversource Energy,U.S. Mid-cap Blend Common Stock,22.21,0.1266,0.0305,0.2227,0.0175
ESE,ESCO Technologies Inc,U.S. Small-cap Blend Common Stock,35.09,0.0392,-0.1288,0.2076,0.0
ESS,Essex Property Trust Inc,Real Estate REIT,41.49,0.1138,-0.0076,0.2343,0.0
ESTE,Earthstone Energy Inc,U.S. Small-cap Value Common Stock,11.36,0.2198,-0.3418,0.7802,0.0
ETD,Ethan Allen Interiors Inc,U.S. Small-cap Value Common Stock,12.79,-0.0137,-0.1795,0.1526,0.0
ETN,Eaton Corp PLC,U.S. Large-cap Blend Common Stock,27.66,-0.0299,-0.1659,0.1062,0.0
ETR,Entergy Corp,U.S. Mid-cap Blend Common Stock,13.21,-0.0035,-0.1071,0.1004,0.0
EXP,Eagle Materials Inc,U.S. Small-cap Blend Common Stock,21.61,0.1167,-0.07,0.3049,0.0
FAST,Fastenal Co,U.S. Mid-cap Growth Common Stock,34.81,0.1687,0.0659,0.2716,0.0
FBNC,First Bancorp/Southern Pines NC,U.S. Small-cap Growth Common Stock,17.71,0.0687,-0.1437,0.2811,0.0197
FCBC,First Community Bankshares Inc,U.S. Small-cap Growth Common Stock,15.17,-0.0399,-0.2678,0.1885,0.0
FCF,First Commonwealth Financial Corp,U.S. Small-cap Blend Common Stock,13.8,0.0319,-0.1617,0.2256,0.0117
FCN,FTI Consulting Inc,U.S. Mid-cap Blend Common Stock,35.66,0.0677,-0.1628,0.298,0.0
FCX,Freeport-McMoRan Inc,U.S. Large-cap Blend Common Stock,27.03,0.0398,-0.3766,0.4549,0.0005
FDS,FactSet Research Systems Inc,U.S. Mid-cap Growth Common Stock,41.64,0.161,0.078,0.2439,0.0
FDX,FedEx Corp,U.S. Large-cap Value Common Stock,11.52,0.1934,0.0332,0.3526,0.0
FELE,Franklin Electric Co Inc,U.S. Small-cap Blend Common Stock,31.25,0.0127,-0.1033,0.1297,0.0
FFIC,Flushing Financial Corp,U.S. Small-cap Blend Common Stock,9.68,0.0482,-0.0482,0.1467,0.0
FICO,Fair Isaac Corp,U.S. Mid-cap Growth Common Stock,94.04,0.0419,-0.2531,0.3373,0.0
FISV,Fiserv Inc,U.S. Large-cap Growth Common Stock,38.59,0.1593,0.0084,0.3094,0.0
FITB,Fifth Third Bancorp,U.S. Mid-cap Blend Common Stock,11.58,0.0255,-0.2686,0.319,0.0
FIZZ,National Beverage Corp,U.S. Small-cap Growth Common Stock,34.51,0.2577,0.0494,0.4658,0.0
FL,Foot Locker Inc,U.S. Small-cap Value Common Stock,6.85,0.2006,-0.0919,0.4942,0.0
FLIC,First of Long Island Corp/The,U.S. Small-cap Blend Common Stock,10.4,0.1031,0.0135,0.1922,0.0
FLR,Fluor Corp,U.S. Small-cap Value Common Stock,14.6,0.0528,-0.2521,0.3569,0.0048
FLS,Flowserve Corp,U.S. Small-cap Blend Common Stock,12.21,0.1462,-0.1332,0.4264,0.0
FMC,FMC Corp,U.S. Mid-cap Blend Common Stock,24.48,0.1115,-0.1115,0.3345,0.0393
FMNB,Farmers National Banc Corp,U.S. Small-cap Blend Common Stock,11.52,0.012,-0.2203,0.2444,0.0
FNB,FNB Corp/PA,U.S. Small-cap Blend Common Stock,11.04,-0.0299,-0.1797,0.1196,0.0
FNLC,First Bancorp Inc/The,U.S. Small-cap Blend Common Stock,12.31,0.0516,-0.0509,0.154,0.0
FRME,First Merchants Corp,U.S. Small-cap Growth Common Stock,14.07,0.0379,-0.225,0.3007,0.0
FRPH,FRP Holdings Inc,U.S. Small-cap Growth Common Stock,221.44,-0.3616,-0.5158,-0.2079,0.0
FRT,Federal Realty Investment Trust,Real Estate REIT,32.49,0.0883,-0.006,0.1831,0.0
FUL,HB Fuller Co,U.S. Small-cap Blend Common Stock,22.12,0.0448,-0.0746,0.1642,0.0
FULT,Fulton Financial Corp,U.S. Small-cap Blend Common Stock,12.61,0.0145,-0.1224,0.151,0.0
FWRD,Forward Air Corp,U.S. Small-cap Blend Common Stock,31.36,0.0868,-0.0386,0.2125,0.0
GBCI,Glacier Bancorp Inc,U.S. Mid-cap Growth Common Stock,20.53,0.0399,-0.1184,0.1977,0.0
GBX,Greenbrier Cos Inc/The,U.S. Small-cap Value Common Stock,9.54,0.1721,-0.0322,0.3747,0.0
GD,General Dynamics Corp,U.S. Large-cap Blend Common Stock,21.39,0.0243,-0.0696,0.117,0.0
GE,General Electric Co,U.S. Large-cap Blend Common Stock,11.29,0.0056,-0.193,0.2042,0.0
GEF,Greif Inc,U.S. Small-cap Value Common Stock,13.37,0.0365,-0.1654,0.2383,0.0
GEF/B,Greif Inc,U.S. Small-cap Value Common Stock,15.59,0.0146,-0.162,0.1919,0.0
GEO,GEO Group Inc/The,U.S. Small-cap Value Common Stock,7.32,0.3321,0.1257,0.5385,0.0
GFF,Griffon Corp,U.S. Small-cap Value Common Stock,22.32,-0.0102,-0.2349,0.2137,0.0
GGG,Graco Inc,U.S. Mid-cap Growth Common Stock,33.86,0.0686,-0.0905,0.2286,0.0
GHC,Graham Holdings Co,U.S. Small-cap Value Common Stock,22.6,-0.0709,-0.2266,0.0839,0.0
GIC,Global Industrial Co,U.S. Small-cap Value Common Stock,26.31,-0.069,-0.3155,0.181,0.0
GIII,G-III Apparel Group Ltd,U.S. Small-cap Value Common Stock,5.04,0.3255,-0.0361,0.6871,0.0157
GIS,General Mills Inc,U.S. Large-cap Blend Common Stock,21.93,0.0269,-0.0403,0.094,0.0
GL,Globe Life Inc,U.S. Mid-cap Blend Common Stock,18.95,0.0337,-0.0922,0.1594,0.0
GLT,Glatfelter Corp,U.S. Small-cap Value Common Stock,2.47,0.2212,0.0473,0.3952,0.0
GLW,Corning Inc,U.S. Mid-cap Blend Common Stock,18.46,0.0694,-0.109,0.2487,0.0
GNTX,Gentex Corp,U.S. Mid-cap Growth Common Stock,18.33,0.1511,0.0052,0.2966,0.0
GPC,Genuine Parts Co,U.S. Mid-cap Blend Common Stock,27.95,0.0545,-0.0687,0.1776,0.0
GPS,Gap Inc/The,U.S. Small-cap Value Common Stock,4.82,0.1677,-0.0071,0.3426,0.0
GRC,Gorman-Rupp Co/The,U.S. Small-cap Blend Common Stock,19.28,0.0943,-0.0119,0.2012,0.0
GSBC,Great Southern Bancorp Inc,U.S. Small-cap Blend Common Stock,12.75,0.1055,-0.0769,0.2878,0.0
GVA,Granite Construction Inc,U.S. Small-cap Value Common Stock,40.69,-0.111,-0.2726,0.0489,0.0
GWW,WW Grainger Inc,U.S. Mid-cap Blend Common Stock,30.79,0.0795,-0.0652,0.224,0.0
HAE,Haemonetics Corp,U.S. Small-cap Growth Common Stock,38.28,0.0673,-0.0661,0.2014,0.0
HAIN,Hain Celestial Group Inc/The,U.S. Small-cap Value Common Stock,11.1,0.3964,0.1736,0.6191,0.0
HAL,Halliburton Co,U.S. Large-cap Blend Common Stock,19.73,0.0473,-0.2302,0.3249,0.0003
HAS,Hasbro Inc,U.S. Mid-cap Blend Common Stock,13.12,0.1137,-0.0627,0.2902,0.0
HBAN,Huntington Bancshares Inc/OH,U.S. Mid-cap Blend Common Stock,12.47,-0.034,-0.3057,0.2389,0.0
HCSG,Healthcare Services Group Inc,U.S. Small-cap Value Common Stock,11.96,0.3188,0.1157,0.5212,0.0
HD,Home Depot Inc/The,U.S. Large-cap Blend Common Stock,30.71,0.0967,-0.1205,0.3128,0.0
HE,Hawaiian Electric Industries Inc,U.S. Small-cap Blend Common Stock,19.54,0.0691,-0.0246,0.1625,0.0003
HEI,HEICO Corp,U.S. Mid-cap Growth Common Stock,80.4,0.0936,-0.1062,0.293,0.0
HELE,Helen of Troy Ltd,U.S. Small-cap Blend Common Stock,14.65,0.1879,0.0043,0.3713,0.0
HIBB,Hibbett Inc,U.S. Small-cap Value Common Stock,15.05,0.1552,-0.1174,0.429,0.0
HIFS,Hingham Institution For Savings The,U.S. Small-cap Growth Common Stock,16.06,0.1375,-0.0632,0.3383,0.0
HIG,Hartford Financial Services Group Inc/The,U.S. Mid-cap Blend Common Stock,16.67,-0.0947,-0.3379,0.1493,0.0
HIW,Highwoods Properties Inc,Real Estate REIT,23.48,0.0786,-0.0281,0.1852,0.0
HMN,Horace Mann Educators Corp,U.S. Small-cap Blend Common Stock,13.85,-0.026,-0.2224,0.1698,0.0
HNI,HNI Corp,U.S. Small-cap Value Common Stock,11.59,0.0662,-0.0852,0.2188,0.0
HOLX,Hologic Inc,U.S. Mid-cap Growth Common Stock,30.59,0.2851,-0.0878,0.6569,0.0
HON,Honeywell International Inc,U.S. Large-cap Growth Common Stock,27.25,0.0406,-0.1458,0.2269,0.0001
HPQ,HP Inc,U.S. Mid-cap Value Common Stock,8.85,-0.0668,-0.207,0.0742,0.0
HRB,H&R Block Inc,U.S. Mid-cap Blend Common Stock,12.15,0.0778,-0.0921,0.2468,0.0
HRL,Hormel Foods Corp,U.S. Mid-cap Blend Common Stock,25.17,0.1181,-0.0004,0.237,0.0
HSC,Harsco Corp,U.S. Small-cap Value Common Stock,20.71,-0.1008,-0.3174,0.1174,0.0
HSIC,Henry Schein Inc,U.S. Mid-cap Value Common Stock,21.96,0.1699,0.101,0.2384,0.0
HSY,Hershey Co/The,U.S. Large-cap Growth Common Stock,37.46,-0.0065,-0.1351,0.1222,0.0
HTLD,Heartland Express Inc,U.S. Small-cap Blend Common Stock,21.58,0.1012,-0.0295,0.2319,0.0
HTLF,Heartland Financial USA Inc,U.S. Small-cap Blend Common Stock,11.67,0.1405,0.0206,0.2615,0.0
HUBB,Hubbell Inc,U.S. Mid-cap Blend Common Stock,30.7,0.0379,-0.1205,0.1965,0.0
HUM,Humana Inc,U.S. Large-cap Value Common Stock,28.9,0.0979,-0.0649,0.2627,0.0
HWKN,Hawkins Inc,U.S. Small-cap Value Common Stock,23.86,0.0605,-0.0725,0.1933,0.0
IBOC,International Bancshares Corp,U.S. Small-cap Growth Common Stock,14.65,-0.0057,-0.127,0.1171,0.0
ICUI,ICU Medical Inc,U.S. Small-cap Blend Common Stock,30.6,0.1663,0.0079,0.325,0.0
IDA,IDACORP Inc,U.S. Small-cap Growth Common Stock,21.39,0.1403,0.0188,0.2618,0.0
IDXX,IDEXX Laboratories Inc,U.S. Large-cap Growth Common Stock,84.64,0.1663,-0.0248,0.3573,0.0008
IEX,IDEX Corp,U.S. Mid-cap Growth Common Stock,40.77,0.1193,-0.0316,0.2698,0.0075
IFF,International Flavors & Fragrances Inc,U.S. Mid-cap Blend Common Stock,18.24,0.0804,-0.087,0.2481,0.0025
IMKTA,Ingles Markets Inc,U.S. Small-cap Value Common Stock,15.87,0.0528,-0.1426,0.2483,0.0
INT,World Fuel Services Corp,U.S. Small-cap Value Common Stock,9.9,0.2595,-0.045,0.5651,0.0
INTC,Intel Corp,U.S. Large-cap Blend Common Stock,7.23,0.1834,0.0532,0.3147,0.0
INTU,Intuit Inc,U.S. Large-cap Growth Common Stock,69.57,0.1606,0.0014,0.3186,0.0
IP,International Paper Co,U.S. Mid-cap Value Common Stock,7.54,0.1175,-0.0762,0.3115,0.0002
IPAR,Inter Parfums Inc,U.S. Small-cap Blend Common Stock,49.77,0.0146,-0.1473,0.1765,0.0
IPG,Interpublic Group of Cos Inc/The,U.S. Mid-cap Blend Common Stock,18.62,0.0141,-0.2893,0.318,0.0049
ITIC,Investors Title Co,U.S. Small-cap Value Common Stock,11.25,0.1296,-0.0656,0.3241,0.0
ITT,ITT Inc,U.S. Mid-cap Blend Common Stock,21.51,-0.0196,-0.1676,0.1283,0.0
ITW,Illinois Tool Works Inc,U.S. Large-cap Growth Common Stock,30.05,0.0499,-0.0777,0.1768,0.0
J,Jacobs Solutions Inc,U.S. Mid-cap Blend Common Stock,24.83,0.1213,-0.0809,0.324,0.0
JACK,Jack in the Box Inc,U.S. Small-cap Blend Common Stock,15.27,0.1684,-0.0488,0.3865,0.0
JBHT,JB Hunt Transport Services Inc,U.S. Mid-cap Blend Common Stock,31.87,0.1721,0.0231,0.3199,0.0
JBL,Jabil Inc,U.S. Mid-cap Value Common Stock,22.61,0.0446,-0.1203,0.2114,0.0
JBSS,John B Sanfilippo & Son Inc,U.S. Small-cap Blend Common Stock,20.21,0.113,-0.2693,0.4954,0.0
JJSF,J & J Snack Foods Corp,U.S. Small-cap Blend Common Stock,35.85,0.0844,-0.0075,0.1757,0.0
JKHY,Jack Henry & Associates Inc,U.S. Mid-cap Growth Common Stock,42.78,0.1139,-0.0219,0.2499,0.0
JNJ,Johnson & Johnson,U.S. Large-cap Growth Common Stock,22.33,0.0606,-0.0122,0.134,0.0
JOE,St Joe Co/The,U.S. Small-cap Growth Common Stock,38.73,0.0165,-0.2578,0.2913,0.0001
JOUT,Johnson Outdoors Inc,U.S. Small-cap Value Common Stock,14.99,0.1697,-0.0456,0.3872,0.0
JWN,Nordstrom Inc,U.S. Small-cap Value Common Stock,6.41,0.3293,0.079,0.5806,0.0
K,Kellogg Co,U.S. Mid-cap Blend Common Stock,16.03,0.0165,-0.0457,0.0789,0.0
KAMN,Kaman Corp,U.S. Small-cap Value Common Stock,8.98,0.1825,0.0594,0.3065,0.0
KELYA,Kelly Services Inc,U.S. Small-cap Value Common Stock,8.69,0.0265,-0.1377,0.1908,0.0368
KEX,Kirby Corp,U.S. Small-cap Blend Common Stock,21.04,0.122,-0.084,0.3276,0.0112
KEY,KeyCorp,U.S. Mid-cap Blend Common Stock,10.03,0.0141,-0.2809,0.3085,0.003
KIM,Kimco Realty Corp,Real Estate REIT,20.93,-0.0556,-0.2267,0.1137,0.0
KLAC,KLA Corp,U.S. Large-cap Growth Common Stock,37.26,0.0332,-0.2149,0.2797,0.0
KMB,Kimberly-Clark Corp,U.S. Large-cap Blend Common Stock,18.42,0.0259,-0.0678,0.1194,0.0
KMPR,Kemper Corp,U.S. Small-cap Value Common Stock,18.7,-0.0445,-0.1952,0.1076,0.0
KMT,Kennametal Inc,U.S. Small-cap Blend Common Stock,10.57,0.1017,-0.0031,0.2064,0.0
KO,Coca-Cola Co/The,U.S. Large-cap Growth Common Stock,25.53,-0.0109,-0.0633,0.0419,0.0
KR,Kroger Co/The,U.S. Large-cap Value Common Stock,15.72,0.0756,-0.058,0.2087,0.0
L,Loews Corp,U.S. Mid-cap Blend Common Stock,17.28,0.0692,-0.0651,0.2043,0.0
LCII,LCI Industries,U.S. Small-cap Value Common Stock,12.62,0.233,0.0073,0.4571,0.0
LCUT,Lifetime Brands Inc,U.S. Small-cap Value Common Stock,7.14,0.2111,0.0242,0.4011,0.0
LECO,Lincoln Electric Holdings Inc,U.S. Mid-cap Blend Common Stock,27.69,0.0661,-0.0474,0.1789,0.0
LEG,Leggett & Platt Inc,U.S. Small-cap Value Common Stock,12.01,0.0724,-0.0823,0.2269,0.0
LEN,Lennar Corp,U.S. Mid-cap Value Common Stock,12.37,0.083,-0.2608,0.4253,0.0
LFUS,Littelfuse Inc,U.S. Mid-cap Blend Common Stock,25.5,0.1354,-0.0701,0.3419,0.0
LH,Laboratory Corp of America Holdings,U.S. Mid-cap Blend Common Stock,16.76,0.1876,0.0763,0.2977,0.0
LHX,L3Harris Technologies Inc,U.S. Large-cap Blend Common Stock,26.75,0.0507,-0.1144,0.2153,0.0
LKFN,Lakeland Financial Corp,U.S. Small-cap Growth Common Stock,23.64,0.0945,-0.0497,0.2379,0.0
LLY,Eli Lilly & Co,U.S. Large-cap Growth Common Stock,64.43,-0.0933,-0.3016,0.1148,0.0
LMT,Lockheed Martin Corp,U.S. Large-cap Blend Common Stock,21.63,0.0819,-0.0665,0.231,0.0
LNC,Lincoln National Corp,U.S. Mid-cap Value Common Stock,5.32,0.1806,-0.0028,0.3661,0.0
LNN,Lindsay Corp,U.S. Small-cap Blend Common Stock,39.95,0.0487,-0.1111,0.2083,0.0
LNT,Alliant Energy Corp,U.S. Mid-cap Blend Common Stock,21.94,0.1497,0.028,0.2716,0.0001
LOW,Lowe's Cos Inc,U.S. Large-cap Blend Common Stock,28.62,0.143,-0.0685,0.354,0.0
LRCX,Lam Research Corp,U.S. Large-cap Growth Common Stock,26.6,0.1628,-0.0843,0.4091,0.0
LSCC,Lattice Semiconductor Corp,U.S. Mid-cap Growth Common Stock,356.43,0.2131,-0.2436,0.6693,0.0056
LSTR,Landstar System Inc,U.S. Mid-cap Value Common Stock,26.89,0.1545,0.0053,0.3035,0.0
LUMN,Lumen Technologies Inc,U.S. Mid-cap Value Common Stock,2.93,0.0628,-0.0827,0.2085,0.0
LUV,Southwest Airlines Co,U.S. Mid-cap Blend Common Stock,15.44,0.2538,-0.0125,0.5198,0.0
LZB,La-Z-Boy Inc,U.S. Small-cap Value Common Stock,10.03,0.1019,-0.2435,0.4471,0.0292
M,Macy's Inc,U.S. Mid-cap Value Common Stock,5.39,0.2064,0.0007,0.4109,0.0
MAA,Mid-America Apartment Communities Inc,Real Estate REIT,61.97,0.1301,0.0335,0.2266,0.0
MAC,Macerich Co/The,Real Estate REIT,18.82,0.0577,-0.1503,0.2654,0.0
MAN,ManpowerGroup Inc,U.S. Small-cap Value Common Stock,10.98,0.1363,-0.0157,0.2874,0.0
MAS,Masco Corp,U.S. Mid-cap Blend Common Stock,18.07,0.0568,-0.2087,0.3216,0.006
MAT,Mattel Inc,U.S. Mid-cap Blend Common Stock,24.41,-0.1715,-0.3391,-0.0039,0.0
MATV,Mativ Holdings Inc,U.S. Small-cap Value Common Stock,5.33,0.1903,-0.0363,0.4169,0.0
MATW,Matthews International Corp,U.S. Small-cap Value Common Stock,12.16,0.105,-0.0847,0.2947,0.0
MCD,McDonald's Corp,U.S. Large-cap Growth Common Stock,33.34,0.0172,-0.1476,0.1821,0.0
MCHP,Microchip Technology Inc,U.S. Large-cap Growth Common Stock,46.99,0.047,-0.0968,0.1914,0.0
MCK,McKesson Corp,U.S. Large-cap Value Common Stock,25.87,0.1036,-0.0174,0.2227,0.0
MCRI,Monarch Casino & Resort Inc,U.S. Small-cap Blend Common Stock,37.87,0.1049,-0.2592,0.47,0.0
MCS,Marcus Corp/The,U.S. Small-cap Value Common Stock,32.08,-0.0403,-0.247,0.1671,0.0
MCY,Mercury General Corp,U.S. Small-cap Value Common Stock,26.16,-0.0828,-0.1774,0.0116,0.0
MD,Pediatrix Medical Group Inc,U.S. Small-cap Value Common Stock,5.2,0.4305,0.1227,0.7384,0.0031
MDC,MDC Holdings Inc,U.S. Small-cap Value Common Stock,7.36,0.1051,-0.244,0.454,0.0018
MDT,Medtronic PLC,U.S. Large-cap Blend Common Stock,18.65,0.0818,0.0048,0.1594,0.0
MDU,MDU Resources Group Inc,U.S. Mid-cap Value Common Stock,16.54,0.0029,-0.1014,0.1076,0.0
MGEE,MGE Energy Inc,U.S. Small-cap Growth Common Stock,24.94,0.106,0.0206,0.191,0.0065
MGRC,McGrath RentCorp,U.S. Small-cap Blend Common Stock,38.54,-0.0039,-0.1573,0.1497,0.0001
MHK,Mohawk Industries Inc,U.S. Mid-cap Value Common Stock,7.8,0.3186,0.068,0.5708,0.0
MHO,M/I Homes Inc,U.S. Small-cap Value Common Stock,7.1,0.0768,-0.2893,0.4435,0.0003
MIDD,Middleby Corp/The,U.S. Mid-cap Blend Common Stock,22.12,0.5446,0.2027,0.8824,0.0
MKC,McCormick & Co Inc/MD,U.S. Mid-cap Growth Common Stock,31.06,0.1015,0.0069,0.1963,0.0
MKL,Markel Corp,U.S. Mid-cap Blend Common Stock,37.6,0.0911,-0.025,0.2066,0.0
MLI,Mueller Industries Inc,U.S. Small-cap Value Common Stock,16.96,0.0526,-0.0859,0.1915,0.0003
MLKN,MillerKnoll Inc,U.S. Small-cap Value Common Stock,8.81,0.119,-0.0122,0.2509,0.0
MLM,Martin Marietta Materials Inc,U.S. Mid-cap Growth Common Stock,40.58,0.0656,-0.1078,0.2388,0.0
MMC,Marsh & McLennan Cos Inc,U.S. Large-cap Growth Common Stock,34.19,0.05,-0.1816,0.2817,0.0367
MMM,3M Co,U.S. Large-cap Blend Common Stock,11.86,0.1819,0.1095,0.2533,0.0
MMSI,Merit Medical Systems Inc,U.S. Small-cap Growth Common Stock,69.04,0.0103,-0.238,0.2598,0.0
MNRO,Monro Inc,U.S. Small-cap Blend Common Stock,20.33,0.1738,0.005,0.3414,0.0
MO,Altria Group Inc,U.S. Large-cap Growth Common Stock,11.0,0.0643,-0.0887,0.2167,0.0
MOD,Modine Manufacturing Co,U.S. Small-cap Value Common Stock,22.07,-0.0288,-0.2862,0.2282,0.0285
MOG/A,Moog Inc,U.S. Small-cap Value Common Stock,17.43,0.1543,-0.0309,0.34,0.0
MOV,Movado Group Inc,U.S. Small-cap Value Common Stock,12.34,0.1379,-0.0369,0.3144,0.0
MPAA,Motorcar Parts of America Inc,U.S. Small-cap Value Common Stock,10.32,0.1416,-0.2087,0.4914,0.0
MRK,Merck & Co Inc,U.S. Large-cap Growth Common Stock,26.7,-0.0419,-0.1933,0.1095,0.0
MRO,Marathon Oil Corp,U.S. Mid-cap Blend Common Stock,38.35,-0.0911,-0.3943,0.2124,0.0032
MRTN,Marten Transport Ltd,U.S. Small-cap Blend Common Stock,30.86,0.0582,-0.0812,0.1972,0.0
MS,Morgan Stanley,U.S. Large-cap Blend Common Stock,16.9,0.0041,-0.2711,0.2787,0.0374
MSA,MSA Safety Inc,U.S. Small-cap Growth Common Stock,41.68,-0.0403,-0.255,0.1741,0.0
MSEX,Middlesex Water Co,U.S. Small-cap Growth Common Stock,41.43,0.1737,0.0094,0.3381,0.0121
MSFT,Microsoft Corp,U.S. Large-cap Growth Common Stock,44.97,0.0525,-0.176,0.2802,0.0
MSM,MSC Industrial Direct Co Inc,U.S. Small-cap Blend Common Stock,15.11,0.1362,0.0133,0.2587,0.0
MTB,M&T Bank Corp,U.S. Mid-cap Growth Common Stock,12.15,0.0958,-0.0374,0.2284,0.0
MTRN,Materion Corp,U.S. Small-cap Value Common Stock,38.31,0.0391,-0.1835,0.2628,0.0
MTW,Manitowoc Co Inc/The,U.S. Small-cap Value Common Stock,8.8,-0.0953,-0.3468,0.1567,0.0
MTX,Minerals Technologies Inc,U.S. Small-cap Value Common Stock,12.0,0.203,0.0841,0.3232,0.0
MTZ,MasTec Inc,U.S. Mid-cap Value Common Stock,27.93,0.101,-0.1145,0.3139,0.0
MUR,Murphy Oil Corp,U.S. Mid-cap Blend Common Stock,35.82,0.2259,-0.013,0.4648,0.0
MYE,Myers Industries Inc,U.S. Small-cap Value Common Stock,24.03,0.0009,-0.151,0.1528,0.0
NATI,National Instruments Corp,U.S. Small-cap Blend Common Stock,34.81,0.0615,0.0001,0.1238,0.0
NBN,Northeast Bank,U.S. Small-cap Blend Common Stock,14.77,-0.0163,-0.207,0.1742,0.0
NBTB,NBT Bancorp Inc,U.S. Small-cap Growth Common Stock,16.06,0.0082,-0.0778,0.0952,0.0
NCR,NCR Corp,U.S. Small-cap Value Common Stock,8.19,0.2739,0.1064,0.4398,0.0
NEE,NextEra Energy Inc,U.S. Large-cap Growth Common Stock,39.69,0.2405,0.1241,0.357,0.0
NEM,Newmont Corp,U.S. Large-cap Blend Common Stock,24.11,0.0507,-0.137,0.2378,0.0
NEOG,Neogen Corp,U.S. Small-cap Blend Common Stock,29.25,0.269,0.1138,0.4242,0.0009
NEU,NewMarket Corp,U.S. Small-cap Blend Common Stock,12.97,0.185,-0.2958,0.6664,0.0022
NFG,National Fuel Gas Co,U.S. Mid-cap Blend Common Stock,14.99,0.0408,-0.0733,0.1554,0.0
NHC,National HealthCare Corp,U.S. Small-cap Value Common Stock,13.88,0.0591,-0.0921,0.2117,0.0
NHI,National Health Investors Inc,Real Estate REIT,12.84,0.1072,-0.0044,0.2178,0.0
NJR,New Jersey Resources Corp,U.S. Small-cap Blend Common Stock,22.64,0.088,0.0146,0.1614,0.0
NL,NL Industries Inc,U.S. Small-cap Blend Common Stock,13.18,0.0439,-0.1961,0.285,0.0
NNN,National Retail Properties Inc,Real Estate REIT,27.79,0.0775,-0.0205,0.1757,0.0
NPK,National Presto Industries Inc,U.S. Small-cap Blend Common Stock,10.72,0.0924,-0.0807,0.2653,0.0272
NR,Newpark Resources Inc,U.S. Small-cap Value Common Stock,103.58,-0.1893,-0.4265,0.0476,0.0007
NSC,Norfolk Southern Corp,U.S. Large-cap Growth Common Stock,26.52,0.081,-0.1007,0.2627,0.0
NSIT,Insight Enterprises Inc,U.S. Small-cap Value Common Stock,22.59,-0.0082,-0.1875,0.1697,0.0
NSSC,Napco Security Technologies Inc,U.S. Small-cap Growth Common Stock,103.89,0.0443,-0.373,0.4614,0.0
NTAP,NetApp Inc,U.S. Mid-cap Blend Common Stock,18.41,0.1606,-0.0165,0.3376,0.0
NTRS,Northern Trust Corp,U.S. Mid-cap Blend Common Stock,14.55,0.0897,-0.0142,0.193,0.0
NUE,Nucor Corp,U.S. Large-cap Value Common Stock,15.62,0.0711,-0.1698,0.3114,0.0
NWBI,Northwest Bancshares Inc,U.S. Small-cap Growth Common Stock,14.26,0.0708,0.0108,0.1323,0.0
NWL,Newell Brands Inc,U.S. Small-cap Value Common Stock,5.92,0.1375,-0.0382,0.3123,0.0
NWN,Northwest Natural Holding Co,U.S. Small-cap Blend Common Stock,17.17,0.0321,-0.0437,0.108,0.0
NYCB,New York Community Bancorp Inc,U.S. Small-cap Blend Common Stock,7.13,0.0532,-0.0905,0.1964,0.0
NYT,New York Times Co/The,U.S. Small-cap Blend Common Stock,36.81,-0.0195,-0.3553,0.3164,0.0
O,Realty Income Corp,Real Estate REIT,46.44,0.0932,0.0124,0.1737,0.0
OCFC,OceanFirst Financial Corp,U.S. Small-cap Blend Common Stock,11.7,-0.0004,-0.1392,0.1391,0.0
ODFL,Old Dominion Freight Line Inc,U.S. Large-cap Growth Common Stock,54.89,0.1879,-0.0532,0.4285,0.0
OFC,Corporate Office Properties Trust,Real Estate REIT,37.53,0.0531,-0.0589,0.1654,0.0
OFIX,Orthofix Medical Inc,U.S. Small-cap Value Common Stock,30.19,-0.0479,-0.1785,0.0837,0.0
OGE,OGE Energy Corp,U.S. Mid-cap Blend Common Stock,17.0,0.0752,-0.0465,0.1967,0.0
OHI,Omega Healthcare Investors Inc,Real Estate REIT,14.63,0.1561,-0.0133,0.3254,0.0
OI,O-I Glass Inc,U.S. Small-cap Value Common Stock,5.86,0.1096,-0.1332,0.3525,0.0
OKE,ONEOK Inc,U.S. Mid-cap Blend Common Stock,23.88,0.079,-0.0802,0.2384,0.0
OLP,One Liberty Properties Inc,Real Estate REIT,22.37,0.006,-0.1968,0.2092,0.0001
OMC,Omnicom Group Inc,U.S. Mid-cap Blend Common Stock,13.27,0.1008,-0.0295,0.2306,0.0
OMI,Owens & Minor Inc,U.S. Small-cap Value Common Stock,7.83,-0.0194,-0.2696,0.2308,0.0344
OPY,Oppenheimer Holdings Inc,U.S. Small-cap Value Common Stock,12.36,-0.0064,-0.202,0.1887,0.0
ORCL,Oracle Corp,U.S. Large-cap Growth Common Stock,24.56,0.1224,-0.0056,0.2498,0.0
ORLY,O'Reilly Automotive Inc,U.S. Large-cap Growth Common Stock,45.94,0.1768,0.0567,0.2959,0.0
OVV,Ovintiv Inc,U.S. Mid-cap Blend Common Stock,12.06,0.0467,-0.3063,0.399,0.0008
OXM,Oxford Industries Inc,U.S. Small-cap Blend Common Stock,20.11,0.1483,-0.1879,0.4844,0.0
OXY,Occidental Petroleum Corp,U.S. Large-cap Blend Common Stock,21.33,0.1559,-0.1737,0.4847,0.0
PAG,Penske Automotive Group Inc,U.S. Mid-cap Value Common Stock,15.6,0.1066,-0.0244,0.2379,0.0
PAYX,Paychex Inc,U.S. Large-cap Growth Common Stock,38.28,0.0876,-0.0626,0.2386,0.0
PCAR,PACCAR Inc,U.S. Large-cap Blend Common Stock,17.39,0.0331,-0.0708,0.1386,0.0
PCG,PG&E Corp,U.S. Mid-cap Blend Common Stock,4.97,0.1536,-0.0395,0.3461,0.0
PDCE,PDC Energy Inc,U.S. Mid-cap Blend Common Stock,24.47,0.1553,-0.1314,0.4396,0.0
PEAK,Healthpeak Properties Inc,Real Estate REIT,23.15,0.0195,-0.0698,0.1098,0.0
PEBO,Peoples Bancorp Inc/OH,U.S. Small-cap Blend Common Stock,10.97,0.0249,-0.1473,0.1965,0.0
PEG,Public Service Enterprise Group Inc,U.S. Mid-cap Blend Common Stock,15.75,0.043,-0.0623,0.148,0.0
PEGA,Pegasystems Inc,U.S. Small-cap Blend Common Stock,63.71,0.2701,0.0485,0.4942,0.0005
PENN,Penn Entertainment Inc,U.S. Small-cap Value Common Stock,22.92,0.025,-0.2674,0.3178,0.0
PEP,PepsiCo Inc,U.S. Large-cap Blend Common Stock,29.14,0.0054,-0.0503,0.0609,0.0
PFC,Premier Financial Corp,U.S. Small-cap Blend Common Stock,11.79,0.0717,-0.1454,0.2878,0.0
PFE,Pfizer Inc,U.S. Large-cap Blend Common Stock,18.17,0.0156,-0.1241,0.1546,0.0
PG,Procter & Gamble Co/The,U.S. Large-cap Growth Common Stock,28.64,0.0338,-0.0394,0.1069,0.0
PGR,Progressive Corp/The,U.S. Large-cap Blend Common Stock,30.26,0.0697,-0.1322,0.2714,0.0
PH,Parker-Hannifin Corp,U.S. Large-cap Blend Common Stock,25.44,0.0347,-0.0708,0.1405,0.0
PHM,PulteGroup Inc,U.S. Mid-cap Value Common Stock,11.38,0.1177,-0.2533,0.4888,0.0013
PII,Polaris Inc,U.S. Mid-cap Value Common Stock,13.82,0.1955,-0.0359,0.4284,0.0
PKE,Park Aerospace Corp,U.S. Small-cap Growth Common Stock,42.9,-0.1963,-0.2783,-0.1145,0.0
PKI,PerkinElmer Inc,U.S. Mid-cap Growth Common Stock,33.04,0.0735,-0.1363,0.2824,0.0
PLAB,Photronics Inc,U.S. Small-cap Blend Common Stock,23.69,-0.0191,-0.2871,0.2459,0.0
PLXS,Plexus Corp,U.S. Small-cap Value Common Stock,24.7,0.1082,-0.0032,0.2193,0.0
PNR,Pentair PLC,U.S. Mid-cap Blend Common Stock,14.42,0.0314,-0.0739,0.1376,0.0
PNW,Pinnacle West Capital Corp,U.S. Mid-cap Blend Common Stock,15.07,0.068,-0.0514,0.1875,0.028
POOL,Pool Corp,U.S. Mid-cap Blend Common Stock,39.66,0.1491,-0.135,0.4333,0.0002
POWI,Power Integrations Inc,U.S. Small-cap Growth Common Stock,45.57,0.1134,-0.0056,0.2336,0.0
POWL,Powell Industries Inc,U.S. Small-cap Value Common Stock,28.42,-0.031,-0.1698,0.1088,0.0
PPG,PPG Industries Inc,U.S. Mid-cap Blend Common Stock,20.08,0.0846,-0.1131,0.2826,0.0019
PPL,PPL Corp,U.S. Mid-cap Blend Common Stock,12.26,-0.0401,-0.1327,0.0527,0.0
PRA,ProAssurance Corp,U.S. Small-cap Value Common Stock,8.05,0.1533,-0.0464,0.3543,0.0
PRG,PROG Holdings Inc,U.S. Small-cap Value Common Stock,5.67,0.3639,0.2072,0.5205,0.0
PRGS,Progress Software Corp,U.S. Small-cap Growth Common Stock,32.71,0.061,-0.0382,0.1605,0.0
PRK,Park National Corp,U.S. Small-cap Growth Common Stock,18.15,0.0087,-0.1238,0.1411,0.0
PRMW,Primo Water Corp,U.S. Small-cap Blend Common Stock,84.7,-0.231,-0.4953,0.0331,0.0
PSA,Public Storage,Real Estate REIT,33.39,0.131,0.0379,0.2242,0.0
PTC,PTC Inc,U.S. Mid-cap Growth Common Stock,72.67,-0.0711,-0.3834,0.2406,0.0
PVH,PVH Corp,U.S. Small-cap Value Common Stock,8.27,0.2257,-0.0199,0.4721,0.0
PZZA,Papa John's International Inc,U.S. Small-cap Blend Common Stock,42.74,0.033,-0.1384,0.2045,0.0
QCRH,QCR Holdings Inc,U.S. Small-cap Blend Common Stock,13.08,0.1296,-0.0752,0.3349,0.0
QGEN,QIAGEN NV,U.S. Mid-cap Growth Common Stock,34.97,0.1166,-0.0053,0.2386,0.0
R,Ryder System Inc,U.S. Small-cap Value Common Stock,14.91,-0.0086,-0.113,0.0973,0.0
RCII,Rent-A-Center Inc/TX,U.S. Small-cap Value Common Stock,9.18,0.0551,-0.1982,0.3071,0.0
RCKY,Rocky Brands Inc,U.S. Small-cap Value Common Stock,12.37,0.1244,-0.2205,0.4697,0.0
RCL,Royal Caribbean Cruises Ltd,U.S. Mid-cap Blend Common Stock,428.02,-0.7033,-0.9234,-0.4827,0.0
REG,Regency Centers Corp,Real Estate REIT,39.86,0.0156,-0.152,0.184,0.0
RES,RPC Inc,U.S. Small-cap Blend Common Stock,26.86,0.1085,-0.2515,0.4694,0.0
REX,REX American Resources Corp,U.S. Small-cap Value Common Stock,18.83,0.0748,-0.148,0.2957,0.0
RF,Regions Financial Corp,U.S. Mid-cap Blend Common Stock,14.52,-0.0405,-0.3468,0.2649,0.0
RGA,Reinsurance Group of America Inc,U.S. Mid-cap Value Common Stock,12.28,0.1072,0.0132,0.2007,0.0
RHI,Robert Half International Inc,U.S. Mid-cap Blend Common Stock,19.61,0.1409,0.0154,0.2665,0.0
RJF,Raymond James Financial Inc,U.S. Mid-cap Blend Common Stock,23.88,0.0597,-0.0512,0.1704,0.0
RLI,RLI Corp,U.S. Mid-cap Growth Common Stock,38.16,0.0001,-0.0959,0.0966,0.0
RMD,ResMed Inc,U.S. Large-cap Growth Common Stock,52.02,0.1453,0.0442,0.2471,0.0
RNST,Renasant Corp,U.S. Small-cap Growth Common Stock,13.81,0.0453,-0.1144,0.2042,0.0
ROCK,Gibraltar Industries Inc,U.S. Small-cap Blend Common Stock,21.9,0.0649,-0.2005,0.33,0.0048
ROG,Rogers Corp,U.S. Small-cap Blend Common Stock,26.08,0.1189,-0.1158,0.3537,0.0126
ROK,Rockwell Automation Inc,U.S. Mid-cap Growth Common Stock,29.29,0.0857,-0.0916,0.2621,0.0
ROL,Rollins Inc,U.S. Mid-cap Growth Common Stock,73.0,0.2119,0.0905,0.3335,0.0453
ROP,Roper Technologies Inc,U.S. Large-cap Growth Common Stock,46.32,0.1133,0.0171,0.21,0.0
ROST,Ross Stores Inc,U.S. Large-cap Blend Common Stock,32.05,0.1709,0.0275,0.314,0.0
RPM,RPM International Inc,U.S. Mid-cap Blend Common Stock,29.12,0.0882,-0.0571,0.2338,0.0021
RPT,RPT Realty,Real Estate REIT,78.82,-0.3748,-0.5466,-0.2031,0.0
RRC,Range Resources Corp,U.S. Mid-cap Blend Common Stock,8.34,0.4411,0.0383,0.8419,0.0
RRX,Regal Rexnord Corp,U.S. Mid-cap Blend Common Stock,18.49,0.0444,-0.0761,0.1641,0.0
RS,Reliance Steel & Aluminum Co,U.S. Mid-cap Value Common Stock,18.31,0.0749,-0.0947,0.2428,0.0
RUSHA,Rush Enterprises Inc,U.S. Small-cap Value Common Stock,21.09,0.0876,-0.0767,0.2535,0.0
RUSHB,Rush Enterprises Inc,U.S. Small-cap Value Common Stock,22.7,0.0589,-0.0761,0.1955,0.0
RYN,Rayonier Inc,Real Estate REIT,40.72,-0.0956,-0.2004,0.0092,0.0
SAM,Boston Beer Co Inc/The,U.S. Small-cap Blend Common Stock,35.18,0.2674,0.0514,0.4824,0.0
SANM,Sanmina Corp,U.S. Small-cap Value Common Stock,20.03,-0.0373,-0.3949,0.3219,0.0
SASR,Sandy Spring Bancorp Inc,U.S. Small-cap Blend Common Stock,11.39,0.0575,-0.1449,0.2587,0.0
SBSI,Southside Bancshares Inc,U.S. Small-cap Growth Common Stock,14.14,0.0662,0.0051,0.1279,0.0
SBUX,Starbucks Corp,U.S. Large-cap Growth Common Stock,40.87,0.2439,0.0328,0.4561,0.0
SCHL,Scholastic Corp,U.S. Small-cap Value Common Stock,24.84,-0.0208,-0.1551,0.1141,0.0
SCHN,Schnitzer Steel Industries Inc,U.S. Small-cap Value Common Stock,12.39,0.0719,-0.3536,0.4967,0.0
SCHW,Charles Schwab Corp/The,U.S. Large-cap Growth Common Stock,37.94,0.064,-0.0693,0.1965,0.0
SCI,Service Corp International/US,U.S. Mid-cap Blend Common Stock,29.83,0.0552,-0.3062,0.4163,0.001
SCVL,Shoe Carnival Inc,U.S. Small-cap Value Common Stock,13.61,0.1497,-0.0108,0.3103,0.0
SEB,Seaboard Corp,U.S. Small-cap Value Common Stock,12.58,0.1982,-0.1539,0.5507,0.0002
SEIC,SEI Investments Co,U.S. Mid-cap Growth Common Stock,19.58,0.1711,-0.0526,0.3955,0.0
SF,Stifel Financial Corp,U.S. Mid-cap Blend Common Stock,15.12,0.3414,0.1159,0.5675,0.0
SFNC,Simmons First National Corp,U.S. Small-cap Blend Common Stock,9.64,0.1168,0.0098,0.2241,0.0
SHEN,Shenandoah Telecommunications Co,U.S. Small-cap Growth Common Stock,25.25,0.0599,-0.1159,0.2354,0.0
SHOO,Steven Madden Ltd,U.S. Small-cap Blend Common Stock,16.93,0.2783,0.097,0.461,0.0
SHYF,Shyft Group Inc/The,U.S. Small-cap Value Common Stock,37.76,-0.0041,-0.2893,0.2802,0.0
SIGI,Selective Insurance Group Inc,U.S. Small-cap Blend Common Stock,22.09,0.0368,-0.1509,0.2251,0.0
SIVB,SVB Financial Group,U.S. Mid-cap Blend Common Stock,13.23,0.2812,0.0694,0.492,0.0
SJI,South Jersey Industries Inc,U.S. Small-cap Blend Common Stock,21.98,0.0312,-0.0579,0.1203,0.0
SJM,J M Smucker Co/The,U.S. Mid-cap Blend Common Stock,20.04,0.0586,-0.033,0.1496,0.0
SJW,SJW Group,U.S. Small-cap Growth Common Stock,36.34,0.056,-0.094,0.2059,0.0
SKT,Tanger Factory Outlet Centers Inc,Real Estate REIT,14.58,0.1786,-0.0296,0.3871,0.0
SKYW,SkyWest Inc,U.S. Small-cap Value Common Stock,5.93,0.2154,-0.0875,0.5181,0.0
SLM,SLM Corp,U.S. Small-cap Blend Common Stock,9.42,-0.032,-0.3291,0.2672,0.0
SM,SM Energy Co,U.S. Small-cap Blend Common Stock,22.69,0.0424,-0.3667,0.4516,0.0385
SMBC,Southern Missouri Bancorp Inc,U.S. Small-cap Blend Common Stock,13.81,0.1153,-0.016,0.2462,0.0
SMG,Scotts Miracle-Gro Co/The,U.S. Small-cap Value Common Stock,8.48,0.2223,0.094,0.3504,0.0
SMTC,Semtech Corp,U.S. Small-cap Blend Common Stock,35.55,0.1062,-0.1479,0.3591,0.0
SNA,Snap-on Inc,U.S. Mid-cap Blend Common Stock,18.61,0.1054,-0.089,0.2998,0.024
SO,Southern Co/The,U.S. Large-cap Blend Common Stock,19.68,0.0361,-0.03,0.1021,0.0
SON,Sonoco Products Co,U.S. Mid-cap Value Common Stock,17.89,0.0582,-0.0418,0.1583,0.0056
SPG,Simon Property Group Inc,Real Estate REIT,17.6,0.1996,0.0357,0.3623,0.0
SPGI,S&P Global Inc,U.S. Large-cap Growth Common Stock,40.82,0.0752,-0.1447,0.2947,0.0
SPXC,SPX Technologies Inc,U.S. Small-cap Blend Common Stock,33.29,-0.0539,-0.2456,0.1376,0.0
SR,Spire Inc,U.S. Small-cap Blend Common Stock,15.65,0.0876,0.0032,0.1723,0.0049
SRCE,1st Source Corp,U.S. Small-cap Growth Common Stock,15.43,0.0532,-0.1013,0.2074,0.0
SSB,SouthState Corp,U.S. Mid-cap Growth Common Stock,13.87,0.1195,-0.0226,0.2625,0.0
SSP,EW Scripps Co/The,U.S. Small-cap Value Common Stock,18.56,-0.1996,-0.4292,0.0309,0.0
STBA,S&T Bancorp Inc,U.S. Small-cap Growth Common Stock,12.98,0.0055,-0.1503,0.1602,0.0
STT,State Street Corp,U.S. Mid-cap Blend Common Stock,10.68,0.0929,-0.0542,0.2395,0.0
STZ,Constellation Brands Inc,U.S. Large-cap Growth Common Stock,27.33,0.1683,-0.0809,0.4193,0.0
SVC,Service Properties Trust,Real Estate REIT,19.32,-0.1569,-0.3343,0.0207,0.0
SWK,Stanley Black & Decker Inc,U.S. Mid-cap Value Common Stock,8.73,0.1584,0.0311,0.2856,0.0
SWX,Southwest Gas Holdings Inc,U.S. Small-cap Value Common Stock,15.05,0.0939,-0.008,0.1951,0.0
SXI,Standex International Corp,U.S. Small-cap Blend Common Stock,18.86,0.0655,-0.1563,0.2877,0.0081
SXT,Sensient Technologies Corp,U.S. Small-cap Blend Common Stock,19.83,0.0744,-0.056,0.205,0.0206
SYBT,Stock Yards Bancorp Inc,U.S. Small-cap Growth Common Stock,24.93,0.0405,-0.0912,0.1723,0.0003
SYK,Stryker Corp,U.S. Large-cap Growth Common Stock,35.57,0.152,-0.0206,0.3248,0.0
SYY,Sysco Corp,U.S. Large-cap Value Common Stock,27.31,0.0587,-0.0875,0.2052,0.0
T,AT&T Inc,U.S. Large-cap Value Common Stock,6.08,0.0242,-0.0765,0.1249,0.0
TAP,Molson Coors Beverage Co,U.S. Mid-cap Blend Common Stock,10.37,0.1281,-0.0384,0.295,0.0
TBI,TrueBlue Inc,U.S. Small-cap Value Common Stock,11.04,0.2319,-0.0017,0.4671,0.0
TCBK,TriCo Bancshares,U.S. Small-cap Growth Common Stock,17.98,0.0228,-0.1193,0.1653,0.0
TDS,Telephone and Data Systems Inc,U.S. Small-cap Value Common Stock,21.44,-0.0015,-0.1556,0.1525,0.0023
TECH,Bio-Techne Corp,U.S. Mid-cap Growth Common Stock,90.35,0.0846,-0.0984,0.2681,0.0
TFC,Truist Financial Corp,U.S. Large-cap Blend Common Stock,10.02,0.0603,-0.0624,0.1826,0.0
TG,Tredegar Corp,U.S. Small-cap Value Common Stock,7.78,0.0221,-0.0693,0.1133,0.0
TGNA,TEGNA Inc,U.S. Small-cap Blend Common Stock,9.81,-0.1133,-0.4046,0.1803,0.0
TGT,Target Corp,U.S. Large-cap Value Common Stock,20.4,0.0932,-0.0636,0.2498,0.0
THFF,First Financial Corp/IN,U.S. Small-cap Blend Common Stock,11.81,0.0471,-0.0179,0.1126,0.0
TILE,Interface Inc,U.S. Small-cap Value Common Stock,10.41,0.1378,-0.109,0.3834,0.0
TJX,TJX Cos Inc/The,U.S. Large-cap Blend Common Stock,37.44,0.0867,-0.0263,0.2002,0.0
TKR,Timken Co/The,U.S. Small-cap Blend Common Stock,16.64,-0.0013,-0.1546,0.152,0.0
TMP,Tompkins Financial Corp,U.S. Small-cap Growth Common Stock,14.28,0.0579,-0.0279,0.1435,0.0
TNC,Tennant Co,U.S. Small-cap Blend Common Stock,21.2,0.0746,-0.0847,0.2342,0.0001
TOL,Toll Brothers Inc,U.S. Small-cap Value Common Stock,10.61,0.1528,-0.12,0.4249,0.0
TR,Tootsie Roll Industries Inc,U.S. Small-cap Growth Common Stock,41.58,0.0022,-0.0983,0.103,0.0
TRC,Tejon Ranch Co,U.S. Small-cap Growth Common Stock,98.47,0.0169,-0.1484,0.1819,0.0023
TRMK,Trustmark Corp,U.S. Small-cap Blend Common Stock,14.37,0.0215,-0.0777,0.121,0.0
TRN,Trinity Industries Inc,U.S. Small-cap Blend Common Stock,13.98,-0.0234,-0.2411,0.1939,0.0
TRNS,Transcat Inc,U.S. Small-cap Blend Common Stock,67.61,-0.0009,-0.2446,0.2441,0.0
TROW,T Rowe Price Group Inc,U.S. Mid-cap Growth Common Stock,13.53,0.2927,0.2161,0.3707,0.0
TRST,TrustCo Bank Corp NY,U.S. Small-cap Growth Common Stock,11.97,-0.0102,-0.1556,0.1355,0.0
TRV,Travelers Cos Inc/The,U.S. Large-cap Blend Common Stock,15.51,0.0751,-0.0377,0.1882,0.0008
TSCO,Tractor Supply Co,U.S. Mid-cap Blend Common Stock,42.14,0.1694,0.0183,0.3205,0.0
TSN,Tyson Foods Inc,U.S. Mid-cap Value Common Stock,10.18,0.1393,-0.1066,0.385,0.0
TTC,Toro Co/The,U.S. Mid-cap Blend Common Stock,37.99,0.0814,-0.0762,0.2396,0.0
TTEK,Tetra Tech Inc,U.S. Mid-cap Blend Common Stock,51.03,-0.0027,-0.185,0.1788,0.0
TUP,Tupperware Brands Corp,U.S. Small-cap Value Common Stock,2.04,0.5096,0.1816,0.8376,0.0
TXN,Texas Instruments Inc,U.S. Large-cap Growth Common Stock,20.36,0.1633,0.0119,0.314,0.0
TXT,Textron Inc,U.S. Mid-cap Blend Common Stock,21.38,-0.0373,-0.21,0.133,0.0
UBA,Urstadt Biddle Properties Inc,Real Estate REIT,33.56,-0.0106,-0.0971,0.0763,0.0
UBSI,United Bankshares Inc/WV,U.S. Small-cap Growth Common Stock,14.05,-0.0072,-0.1162,0.1025,0.0
UFCS,United Fire Group Inc,U.S. Small-cap Value Common Stock,16.68,-0.0341,-0.1946,0.1272,0.0
UFPT,UFP Technologies Inc,U.S. Small-cap Blend Common Stock,57.59,0.0926,-0.1403,0.3268,0.0
UGI,UGI Corp,U.S. Mid-cap Value Common Stock,14.51,0.1269,0.0569,0.196,0.0
UHAL,AMERCO,U.S. Mid-cap Blend Common Stock,21.89,0.2166,-0.081,0.5159,0.0
UHS,Universal Health Services Inc,U.S. Mid-cap Value Common Stock,15.14,0.2591,0.1196,0.3985,0.0
UHT,Universal Health Realty Income Trust,Real Estate REIT,16.55,0.0926,-0.02,0.205,0.0
UMBF,UMB Financial Corp,U.S. Small-cap Blend Common Stock,15.9,0.0869,-0.0002,0.1741,0.0
UNF,UniFirst Corp/MA,U.S. Small-cap Blend Common Stock,25.01,0.0756,-0.0521,0.2033,0.0
UNFI,United Natural Foods Inc,U.S. Small-cap Value Common Stock,10.92,0.1562,-0.1415,0.4536,0.0012
UNH,UnitedHealth Group Inc,U.S. Large-cap Blend Common Stock,41.24,0.1297,-0.1062,0.3645,0.0
UNM,Unum Group,U.S. Mid-cap Value Common Stock,9.51,0.0206,-0.1683,0.2093,0.0
UNP,Union Pacific Corp,U.S. Large-cap Growth Common Stock,22.67,0.1736,0.0305,0.3169,0.0006
UPS,United Parcel Service Inc,U.S. Large-cap Blend Common Stock,20.65,0.0399,-0.0634,0.1426,0.0
URBN,Urban Outfitters Inc,U.S. Small-cap Value Common Stock,10.65,0.3684,-0.1163,0.8511,0.0
USLM,United States Lime & Minerals Inc,U.S. Small-cap Blend Common Stock,28.97,0.0777,-0.2119,0.3667,0.0
USM,United States Cellular Corp,U.S. Small-cap Value Common Stock,27.43,0.0019,-0.141,0.144,0.0
USNA,USANA Health Sciences Inc,U.S. Small-cap Value Common Stock,10.81,0.3756,0.1911,0.5601,0.0
UTL,Unitil Corp,U.S. Small-cap Blend Common Stock,20.46,0.1083,0.0072,0.2095,0.0063
UTMD,Utah Medical Products Inc,U.S. Small-cap Growth Common Stock,24.21,0.0583,-0.0517,0.1687,0.0
UVSP,Univest Financial Corp,U.S. Small-cap Blend Common Stock,12.29,0.0084,-0.1355,0.153,0.0
UVV,Universal Corp/VA,U.S. Small-cap Value Common Stock,12.22,-0.0313,-0.1213,0.0586,0.0
VFC,VF Corp,U.S. Mid-cap Blend Common Stock,8.31,0.1744,-0.0118,0.3601,0.0
VHI,Valhi Inc,U.S. Small-cap Value Common Stock,10.83,0.1452,-0.1537,0.4466,0.0
VIVO,Meridian Bioscience Inc,U.S. Small-cap Growth Common Stock,29.43,0.068,-0.228,0.3644,0.0
VLGEA,Village Super Market Inc,U.S. Small-cap Value Common Stock,12.07,0.1042,-0.0121,0.2203,0.0
VLY,Valley National Bancorp,U.S. Mid-cap Blend Common Stock,12.12,-0.0092,-0.1265,0.1084,0.0
VMC,Vulcan Materials Co,U.S. Mid-cap Blend Common Stock,52.55,0.0595,-0.1528,0.2717,0.003
VMI,Valmont Industries Inc,U.S. Mid-cap Blend Common Stock,33.37,0.05,-0.1232,0.2227,0.0
VNO,Vornado Realty Trust,Real Estate REIT,112.75,-0.4025,-0.5064,-0.2989,0.0
VSH,Vishay Intertechnology Inc,U.S. Small-cap Value Common Stock,13.99,0.0057,-0.1826,0.1918,0.0
VTRS,Viatris Inc,U.S. Mid-cap Value Common Stock,4.31,0.4785,0.2232,0.7337,0.0
VZ,Verizon Communications Inc,U.S. Large-cap Blend Common Stock,7.79,0.0542,-0.0758,0.1839,0.0115
WAFD,Washington Federal Inc,U.S. Small-cap Blend Common Stock,13.45,0.018,-0.1151,0.1511,0.0
WASH,Washington Trust Bancorp Inc,U.S. Small-cap Growth Common Stock,12.27,0.0681,-0.0668,0.2031,0.0
WAT,Waters Corp,U.S. Mid-cap Growth Common Stock,37.99,0.0812,0.0111,0.1524,0.0
WBA,Walgreens Boots Alliance Inc,U.S. Large-cap Value Common Stock,7.75,0.1812,-0.0148,0.3773,0.0
WBS,Webster Financial Corp,U.S. Mid-cap Growth Common Stock,13.57,0.0264,-0.2393,0.2922,0.0
WDFC,WD-40 Co,U.S. Small-cap Growth Common Stock,35.35,0.1979,0.0625,0.3333,0.0
WEC,WEC Energy Group Inc,U.S. Mid-cap Blend Common Stock,24.38,0.1532,0.0655,0.241,0.0099
WELL,Welltower Inc,Real Estate REIT,56.76,0.05,-0.0262,0.126,0.0
WERN,Werner Enterprises Inc,U.S. Small-cap Value Common Stock,19.71,0.0623,-0.0269,0.1509,0.0
WEYS,Weyco Group Inc,U.S. Small-cap Value Common Stock,11.01,0.0811,-0.0214,0.184,0.0
WGO,Winnebago Industries Inc,U.S. Small-cap Value Common Stock,11.73,0.1861,-0.1808,0.5528,0.0
WHR,Whirlpool Corp,U.S. Mid-cap Value Common Stock,7.59,0.1326,0.0112,0.2544,0.0
WIRE,Encore Wire Corp,U.S. Small-cap Value Common Stock,16.65,0.1589,-0.0349,0.3519,0.0
WLY,John Wiley & Sons Inc,U.S. Small-cap Blend Common Stock,11.64,0.0319,-0.1019,0.1658,0.0001
WMB,Williams Cos Inc/The,U.S. Large-cap Growth Common Stock,23.9,-0.1496,-0.3818,0.0818,0.0
WMT,Walmart Inc,U.S. Large-cap Value Common Stock,23.75,0.0662,-0.0494,0.1815,0.0
WOR,Worthington Industries Inc,U.S. Small-cap Value Common Stock,9.62,0.1058,-0.0623,0.2731,0.0
WRB,W R Berkley Corp,U.S. Mid-cap Blend Common Stock,28.18,0.096,-0.0861,0.2776,0.0
WRLD,World Acceptance Corp,U.S. Small-cap Value Common Stock,5.76,0.3434,0.0917,0.5966,0.0
WSBC,WesBanco Inc,U.S. Small-cap Growth Common Stock,11.93,0.0061,-0.1289,0.1406,0.0
WSM,Williams-Sonoma Inc,U.S. Mid-cap Value Common Stock,16.34,0.1788,-0.0715,0.4301,0.0
WSO,Watsco Inc,U.S. Mid-cap Blend Common Stock,32.96,0.0875,-0.0694,0.2446,0.0
WTFC,Wintrust Financial Corp,U.S. Small-cap Blend Common Stock,15.33,0.1201,-0.0319,0.2722,0.0
WTRG,Essential Utilities Inc,U.S. Mid-cap Growth Common Stock,30.39,0.0664,-0.0259,0.1581,0.0
WTS,Watts Water Technologies Inc,U.S. Small-cap Blend Common Stock,36.86,0.0581,-0.0926,0.209,0.0003
WWD,Woodward Inc,U.S. Small-cap Blend Common Stock,24.8,0.1694,0.0657,0.2726,0.0
WWW,Wolverine World Wide Inc,U.S. Small-cap Value Common Stock,5.53,0.4559,0.3333,0.5784,0.0
XEL,Xcel Energy Inc,U.S. Large-cap Blend Common Stock,24.76,0.1612,0.0273,0.2959,0.0
XOM,Exxon Mobil Corp,U.S. Large-cap Blend Common Stock,19.02,0.1215,-0.0107,0.2536,0.0001
XRAY,DENTSPLY SIRONA Inc,U.S. Mid-cap Blend Common Stock,13.57,0.2116,0.0614,0.3618,0.0
XRX,Xerox Holdings Corp,U.S. Small-cap Value Common Stock,4.45,0.0149,-0.127,0.1579,0.0
ZBRA,Zebra Technologies Corp,U.S. Mid-cap Blend Common Stock,34.3,0.1378,-0.1595,0.4346,0.0009
ZEUS,Olympic Steel Inc,U.S. Small-cap Value Common Stock,12.8,0.1173,-0.2665,0.4995,0.0
ZION,Zions Bancorp NA,U.S. Mid-cap Blend Common Stock,13.09,0.0276,-0.2431,0.2981,0.0006
